DateID;Date;Annee;Mois;MoisLibelle;Semaine;Jour;JourLibelle;IsWeekend
20250728;2025-07-28;2025;7;Juillet;31;28;Lundi;0
20250729;2025-07-29;2025;7;Juillet;31;29;Mardi;0
20250730;2025-07-30;2025;7;Juillet;31;30;Mercredi;0
20250731;2025-07-31;2025;7;Juillet;31;31;Jeudi;0
20250801;2025-08-01;2025;8;Août;31;1;Vendredi;0
20250802;2025-08-02;2025;8;Août;31;2;Samedi;1
20250803;2025-08-03;2025;8;Août;31;3;Dimanche;1
20250804;2025-08-04;2025;8;Août;32;4;Lundi;0
20250805;2025-08-05;2025;8;Août;32;5;Mardi;0
20250806;2025-08-06;2025;8;Août;32;6;Mercredi;0
20250807;2025-08-07;2025;8;Août;32;7;Jeudi;0
20250808;2025-08-08;2025;8;Août;32;8;Vendredi;0
20250809;2025-08-09;2025;8;Août;32;9;Samedi;1
20250810;2025-08-10;2025;8;Août;32;10;Dimanche;1
20250811;2025-08-11;2025;8;Août;33;11;Lundi;0
20250812;2025-08-12;2025;8;Août;33;12;Mardi;0
20250813;2025-08-13;2025;8;Août;33;13;Mercredi;0
20250814;2025-08-14;2025;8;Août;33;14;Jeudi;0
20250815;2025-08-15;2025;8;Août;33;15;Vendredi;0
20250816;2025-08-16;2025;8;Août;33;16;Samedi;1
20250817;2025-08-17;2025;8;Août;33;17;Dimanche;1
20250818;2025-08-18;2025;8;Août;34;18;Lundi;0
20250819;2025-08-19;2025;8;Août;34;19;Mardi;0
20250820;2025-08-20;2025;8;Août;34;20;Mercredi;0
20250821;2025-08-21;2025;8;Août;34;21;Jeudi;0
20250822;2025-08-22;2025;8;Août;34;22;Vendredi;0
20250823;2025-08-23;2025;8;Août;34;23;Samedi;1
20250824;2025-08-24;2025;8;Août;34;24;Dimanche;1
20250825;2025-08-25;2025;8;Août;35;25;Lundi;0
20250826;2025-08-26;2025;8;Août;35;26;Mardi;0
20250827;2025-08-27;2025;8;Août;35;27;Mercredi;0
20250828;2025-08-28;2025;8;Août;35;28;Jeudi;0
20250829;2025-08-29;2025;8;Août;35;29;Vendredi;0
20250830;2025-08-30;2025;8;Août;35;30;Samedi;1
20250831;2025-08-31;2025;8;Août;35;31;Dimanche;1
20250901;2025-09-01;2025;9;Septembre;36;1;Lundi;0
20250902;2025-09-02;2025;9;Septembre;36;2;Mardi;0
20250903;2025-09-03;2025;9;Septembre;36;3;Mercredi;0
20250904;2025-09-04;2025;9;Septembre;36;4;Jeudi;0
20250905;2025-09-05;2025;9;Septembre;36;5;Vendredi;0
20250906;2025-09-06;2025;9;Septembre;36;6;Samedi;1
20250907;2025-09-07;2025;9;Septembre;36;7;Dimanche;1
20250908;2025-09-08;2025;9;Septembre;37;8;Lundi;0
20250909;2025-09-09;2025;9;Septembre;37;9;Mardi;0
20250910;2025-09-10;2025;9;Septembre;37;10;Mercredi;0
20250911;2025-09-11;2025;9;Septembre;37;11;Jeudi;0
20250912;2025-09-12;2025;9;Septembre;37;12;Vendredi;0
20250913;2025-09-13;2025;9;Septembre;37;13;Samedi;1
20250914;2025-09-14;2025;9;Septembre;37;14;Dimanche;1
20250915;2025-09-15;2025;9;Septembre;38;15;Lundi;0
20250916;2025-09-16;2025;9;Septembre;38;16;Mardi;0
20250917;2025-09-17;2025;9;Septembre;38;17;Mercredi;0
20250918;2025-09-18;2025;9;Septembre;38;18;Jeudi;0
20250919;2025-09-19;2025;9;Septembre;38;19;Vendredi;0
20250920;2025-09-20;2025;9;Septembre;38;20;Samedi;1
20250921;2025-09-21;2025;9;Septembre;38;21;Dimanche;1
20250922;2025-09-22;2025;9;Septembre;39;22;Lundi;0
20250923;2025-09-23;2025;9;Septembre;39;23;Mardi;0
20250924;2025-09-24;2025;9;Septembre;39;24;Mercredi;0
20250925;2025-09-25;2025;9;Septembre;39;25;Jeudi;0
20250926;2025-09-26;2025;9;Septembre;39;26;Vendredi;0
20250927;2025-09-27;2025;9;Septembre;39;27;Samedi;1
20250928;2025-09-28;2025;9;Septembre;39;28;Dimanche;1
20250929;2025-09-29;2025;9;Septembre;40;29;Lundi;0
20250930;2025-09-30;2025;9;Septembre;40;30;Mardi;0
20251001;2025-10-01;2025;10;Octobre;40;1;Mercredi;0
20251002;2025-10-02;2025;10;Octobre;40;2;Jeudi;0
20251003;2025-10-03;2025;10;Octobre;40;3;Vendredi;0
20251004;2025-10-04;2025;10;Octobre;40;4;Samedi;1
20251005;2025-10-05;2025;10;Octobre;40;5;Dimanche;1
20251006;2025-10-06;2025;10;Octobre;41;6;Lundi;0
20251007;2025-10-07;2025;10;Octobre;41;7;Mardi;0
20251008;2025-10-08;2025;10;Octobre;41;8;Mercredi;0
20251009;2025-10-09;2025;10;Octobre;41;9;Jeudi;0
20251010;2025-10-10;2025;10;Octobre;41;10;Vendredi;0
20251011;2025-10-11;2025;10;Octobre;41;11;Samedi;1
20251012;2025-10-12;2025;10;Octobre;41;12;Dimanche;1
20251013;2025-10-13;2025;10;Octobre;42;13;Lundi;0
20251014;2025-10-14;2025;10;Octobre;42;14;Mardi;0
20251015;2025-10-15;2025;10;Octobre;42;15;Mercredi;0
20251016;2025-10-16;2025;10;Octobre;42;16;Jeudi;0
20251017;2025-10-17;2025;10;Octobre;42;17;Vendredi;0
20251018;2025-10-18;2025;10;Octobre;42;18;Samedi;1
20251019;2025-10-19;2025;10;Octobre;42;19;Dimanche;1
20251020;2025-10-20;2025;10;Octobre;43;20;Lundi;0
20251021;2025-10-21;2025;10;Octobre;43;21;Mardi;0
20251022;2025-10-22;2025;10;Octobre;43;22;Mercredi;0
20251023;2025-10-23;2025;10;Octobre;43;23;Jeudi;0
20251024;2025-10-24;2025;10;Octobre;43;24;Vendredi;0
20251025;2025-10-25;2025;10;Octobre;43;25;Samedi;1
20251026;2025-10-26;2025;10;Octobre;43;26;Dimanche;1
20251027;2025-10-27;2025;10;Octobre;44;27;Lundi;0
20251028;2025-10-28;2025;10;Octobre;44;28;Mardi;0
20251029;2025-10-29;2025;10;Octobre;44;29;Mercredi;0
20251030;2025-10-30;2025;10;Octobre;44;30;Jeudi;0
20251031;2025-10-31;2025;10;Octobre;44;31;Vendredi;0
20251101;2025-11-01;2025;11;Novembre;44;1;Samedi;1
20251102;2025-11-02;2025;11;Novembre;44;2;Dimanche;1
20251103;2025-11-03;2025;11;Novembre;45;3;Lundi;0
20251104;2025-11-04;2025;11;Novembre;45;4;Mardi;0
20251105;2025-11-05;2025;11;Novembre;45;5;Mercredi;0
20251106;2025-11-06;2025;11;Novembre;45;6;Jeudi;0
20251107;2025-11-07;2025;11;Novembre;45;7;Vendredi;0
20251108;2025-11-08;2025;11;Novembre;45;8;Samedi;1
20251109;2025-11-09;2025;11;Novembre;45;9;Dimanche;1
20251110;2025-11-10;2025;11;Novembre;46;10;Lundi;0
20251111;2025-11-11;2025;11;Novembre;46;11;Mardi;0
20251112;2025-11-12;2025;11;Novembre;46;12;Mercredi;0
20251113;2025-11-13;2025;11;Novembre;46;13;Jeudi;0
20251114;2025-11-14;2025;11;Novembre;46;14;Vendredi;0
20251115;2025-11-15;2025;11;Novembre;46;15;Samedi;1
20251116;2025-11-16;2025;11;Novembre;46;16;Dimanche;1
20251117;2025-11-17;2025;11;Novembre;47;17;Lundi;0
20251118;2025-11-18;2025;11;Novembre;47;18;Mardi;0
20251119;2025-11-19;2025;11;Novembre;47;19;Mercredi;0
20251120;2025-11-20;2025;11;Novembre;47;20;Jeudi;0
20251121;2025-11-21;2025;11;Novembre;47;21;Vendredi;0
20251122;2025-11-22;2025;11;Novembre;47;22;Samedi;1
20251123;2025-11-23;2025;11;Novembre;47;23;Dimanche;1
20251124;2025-11-24;2025;11;Novembre;48;24;Lundi;0
20251125;2025-11-25;2025;11;Novembre;48;25;Mardi;0
20251126;2025-11-26;2025;11;Novembre;48;26;Mercredi;0
20251127;2025-11-27;2025;11;Novembre;48;27;Jeudi;0
20251128;2025-11-28;2025;11;Novembre;48;28;Vendredi;0
20251129;2025-11-29;2025;11;Novembre;48;29;Samedi;1
20251130;2025-11-30;2025;11;Novembre;48;30;Dimanche;1
20251201;2025-12-01;2025;12;Décembre;49;1;Lundi;0
20251202;2025-12-02;2025;12;Décembre;49;2;Mardi;0
20251203;2025-12-03;2025;12;Décembre;49;3;Mercredi;0
20251204;2025-12-04;2025;12;Décembre;49;4;Jeudi;0
20251205;2025-12-05;2025;12;Décembre;49;5;Vendredi;0
20251206;2025-12-06;2025;12;Décembre;49;6;Samedi;1
20251207;2025-12-07;2025;12;Décembre;49;7;Dimanche;1
20251208;2025-12-08;2025;12;Décembre;50;8;Lundi;0
20251209;2025-12-09;2025;12;Décembre;50;9;Mardi;0
20251210;2025-12-10;2025;12;Décembre;50;10;Mercredi;0
20251211;2025-12-11;2025;12;Décembre;50;11;Jeudi;0
20251212;2025-12-12;2025;12;Décembre;50;12;Vendredi;0
20251213;2025-12-13;2025;12;Décembre;50;13;Samedi;1
20251214;2025-12-14;2025;12;Décembre;50;14;Dimanche;1
20251215;2025-12-15;2025;12;Décembre;51;15;Lundi;0
20251216;2025-12-16;2025;12;Décembre;51;16;Mardi;0
20251217;2025-12-17;2025;12;Décembre;51;17;Mercredi;0
20251218;2025-12-18;2025;12;Décembre;51;18;Jeudi;0
20251219;2025-12-19;2025;12;Décembre;51;19;Vendredi;0
20251220;2025-12-20;2025;12;Décembre;51;20;Samedi;1
20251221;2025-12-21;2025;12;Décembre;51;21;Dimanche;1
20251222;2025-12-22;2025;12;Décembre;52;22;Lundi;0
20251223;2025-12-23;2025;12;Décembre;52;23;Mardi;0
20251224;2025-12-24;2025;12;Décembre;52;24;Mercredi;0
20251225;2025-12-25;2025;12;Décembre;52;25;Jeudi;0
20251226;2025-12-26;2025;12;Décembre;52;26;Vendredi;0
20251227;2025-12-27;2025;12;Décembre;52;27;Samedi;1
20251228;2025-12-28;2025;12;Décembre;52;28;Dimanche;1
20251229;2025-12-29;2025;12;Décembre;1;29;Lundi;0
20251230;2025-12-30;2025;12;Décembre;1;30;Mardi;0
20251231;2025-12-31;2025;12;Décembre;1;31;Mercredi;0
20260101;2026-01-01;2026;1;Janvier;1;1;Jeudi;0
20260102;2026-01-02;2026;1;Janvier;1;2;Vendredi;0
20260103;2026-01-03;2026;1;Janvier;1;3;Samedi;1
20260104;2026-01-04;2026;1;Janvier;1;4;Dimanche;1
20260105;2026-01-05;2026;1;Janvier;2;5;Lundi;0
20260106;2026-01-06;2026;1;Janvier;2;6;Mardi;0
20260107;2026-01-07;2026;1;Janvier;2;7;Mercredi;0
20260108;2026-01-08;2026;1;Janvier;2;8;Jeudi;0
20260109;2026-01-09;2026;1;Janvier;2;9;Vendredi;0
20260110;2026-01-10;2026;1;Janvier;2;10;Samedi;1
20260111;2026-01-11;2026;1;Janvier;2;11;Dimanche;1
20260112;2026-01-12;2026;1;Janvier;3;12;Lundi;0
20260113;2026-01-13;2026;1;Janvier;3;13;Mardi;0
20260114;2026-01-14;2026;1;Janvier;3;14;Mercredi;0
20260115;2026-01-15;2026;1;Janvier;3;15;Jeudi;0
20260116;2026-01-16;2026;1;Janvier;3;16;Vendredi;0
20260117;2026-01-17;2026;1;Janvier;3;17;Samedi;1
20260118;2026-01-18;2026;1;Janvier;3;18;Dimanche;1
20260119;2026-01-19;2026;1;Janvier;4;19;Lundi;0
20260120;2026-01-20;2026;1;Janvier;4;20;Mardi;0
20260121;2026-01-21;2026;1;Janvier;4;21;Mercredi;0
20260122;2026-01-22;2026;1;Janvier;4;22;Jeudi;0
20260123;2026-01-23;2026;1;Janvier;4;23;Vendredi;0
20260124;2026-01-24;2026;1;Janvier;4;24;Samedi;1
20260125;2026-01-25;2026;1;Janvier;4;25;Dimanche;1
20260126;2026-01-26;2026;1;Janvier;5;26;Lundi;0
20260127;2026-01-27;2026;1;Janvier;5;27;Mardi;0
20260128;2026-01-28;2026;1;Janvier;5;28;Mercredi;0
20260129;2026-01-29;2026;1;Janvier;5;29;Jeudi;0
20260130;2026-01-30;2026;1;Janvier;5;30;Vendredi;0
20260131;2026-01-31;2026;1;Janvier;5;31;Samedi;1
20260201;2026-02-01;2026;2;Février;5;1;Dimanche;1
20260202;2026-02-02;2026;2;Février;6;2;Lundi;0
20260203;2026-02-03;2026;2;Février;6;3;Mardi;0
20260204;2026-02-04;2026;2;Février;6;4;Mercredi;0
20260205;2026-02-05;2026;2;Février;6;5;Jeudi;0
20260206;2026-02-06;2026;2;Février;6;6;Vendredi;0
20260207;2026-02-07;2026;2;Février;6;7;Samedi;1
20260208;2026-02-08;2026;2;Février;6;8;Dimanche;1
20260209;2026-02-09;2026;2;Février;7;9;Lundi;0
20260210;2026-02-10;2026;2;Février;7;10;Mardi;0
20260211;2026-02-11;2026;2;Février;7;11;Mercredi;0
20260212;2026-02-12;2026;2;Février;7;12;Jeudi;0
20260213;2026-02-13;2026;2;Février;7;13;Vendredi;0
20260214;2026-02-14;2026;2;Février;7;14;Samedi;1
20260215;2026-02-15;2026;2;Février;7;15;Dimanche;1
20260216;2026-02-16;2026;2;Février;8;16;Lundi;0
20260217;2026-02-17;2026;2;Février;8;17;Mardi;0
20260218;2026-02-18;2026;2;Février;8;18;Mercredi;0
20260219;2026-02-19;2026;2;Février;8;19;Jeudi;0
20260220;2026-02-20;2026;2;Février;8;20;Vendredi;0
20260221;2026-02-21;2026;2;Février;8;21;Samedi;1
20260222;2026-02-22;2026;2;Février;8;22;Dimanche;1
20260223;2026-02-23;2026;2;Février;9;23;Lundi;0
20260224;2026-02-24;2026;2;Février;9;24;Mardi;0
20260225;2026-02-25;2026;2;Février;9;25;Mercredi;0
20260226;2026-02-26;2026;2;Février;9;26;Jeudi;0
20260227;2026-02-27;2026;2;Février;9;27;Vendredi;0
20260228;2026-02-28;2026;2;Février;9;28;Samedi;1
20260301;2026-03-01;2026;3;Mars;9;1;Dimanche;1
20260302;2026-03-02;2026;3;Mars;10;2;Lundi;0
20260303;2026-03-03;2026;3;Mars;10;3;Mardi;0
20260304;2026-03-04;2026;3;Mars;10;4;Mercredi;0
20260305;2026-03-05;2026;3;Mars;10;5;Jeudi;0
20260306;2026-03-06;2026;3;Mars;10;6;Vendredi;0
20260307;2026-03-07;2026;3;Mars;10;7;Samedi;1
20260308;2026-03-08;2026;3;Mars;10;8;Dimanche;1
20260309;2026-03-09;2026;3;Mars;11;9;Lundi;0
20260310;2026-03-10;2026;3;Mars;11;10;Mardi;0
20260311;2026-03-11;2026;3;Mars;11;11;Mercredi;0
20260312;2026-03-12;2026;3;Mars;11;12;Jeudi;0
20260313;2026-03-13;2026;3;Mars;11;13;Vendredi;0
20260314;2026-03-14;2026;3;Mars;11;14;Samedi;1
20260315;2026-03-15;2026;3;Mars;11;15;Dimanche;1
20260316;2026-03-16;2026;3;Mars;12;16;Lundi;0
20260317;2026-03-17;2026;3;Mars;12;17;Mardi;0
20260318;2026-03-18;2026;3;Mars;12;18;Mercredi;0
20260319;2026-03-19;2026;3;Mars;12;19;Jeudi;0
20260320;2026-03-20;2026;3;Mars;12;20;Vendredi;0
20260321;2026-03-21;2026;3;Mars;12;21;Samedi;1
20260322;2026-03-22;2026;3;Mars;12;22;Dimanche;1
20260323;2026-03-23;2026;3;Mars;13;23;Lundi;0
20260324;2026-03-24;2026;3;Mars;13;24;Mardi;0
20260325;2026-03-25;2026;3;Mars;13;25;Mercredi;0
20260326;2026-03-26;2026;3;Mars;13;26;Jeudi;0
20260327;2026-03-27;2026;3;Mars;13;27;Vendredi;0
20260328;2026-03-28;2026;3;Mars;13;28;Samedi;1
20260329;2026-03-29;2026;3;Mars;13;29;Dimanche;1
20260330;2026-03-30;2026;3;Mars;14;30;Lundi;0
20260331;2026-03-31;2026;3;Mars;14;31;Mardi;0
20260401;2026-04-01;2026;4;Avril;14;1;Mercredi;0
20260402;2026-04-02;2026;4;Avril;14;2;Jeudi;0
20260403;2026-04-03;2026;4;Avril;14;3;Vendredi;0
20260404;2026-04-04;2026;4;Avril;14;4;Samedi;1
20260405;2026-04-05;2026;4;Avril;14;5;Dimanche;1
20260406;2026-04-06;2026;4;Avril;15;6;Lundi;0
20260407;2026-04-07;2026;4;Avril;15;7;Mardi;0
20260408;2026-04-08;2026;4;Avril;15;8;Mercredi;0
20260409;2026-04-09;2026;4;Avril;15;9;Jeudi;0
20260410;2026-04-10;2026;4;Avril;15;10;Vendredi;0
20260411;2026-04-11;2026;4;Avril;15;11;Samedi;1
20260412;2026-04-12;2026;4;Avril;15;12;Dimanche;1
20260413;2026-04-13;2026;4;Avril;16;13;Lundi;0
20260414;2026-04-14;2026;4;Avril;16;14;Mardi;0
20260415;2026-04-15;2026;4;Avril;16;15;Mercredi;0
20260416;2026-04-16;2026;4;Avril;16;16;Jeudi;0
20260417;2026-04-17;2026;4;Avril;16;17;Vendredi;0
20260418;2026-04-18;2026;4;Avril;16;18;Samedi;1
20260419;2026-04-19;2026;4;Avril;16;19;Dimanche;1
20260420;2026-04-20;2026;4;Avril;17;20;Lundi;0
20260421;2026-04-21;2026;4;Avril;17;21;Mardi;0
20260422;2026-04-22;2026;4;Avril;17;22;Mercredi;0
20260423;2026-04-23;2026;4;Avril;17;23;Jeudi;0
20260424;2026-04-24;2026;4;Avril;17;24;Vendredi;0
20260425;2026-04-25;2026;4;Avril;17;25;Samedi;1
20260426;2026-04-26;2026;4;Avril;17;26;Dimanche;1
20260427;2026-04-27;2026;4;Avril;18;27;Lundi;0
20260428;2026-04-28;2026;4;Avril;18;28;Mardi;0
20260429;2026-04-29;2026;4;Avril;18;29;Mercredi;0
20260430;2026-04-30;2026;4;Avril;18;30;Jeudi;0
20260501;2026-05-01;2026;5;Mai;18;1;Vendredi;0
20260502;2026-05-02;2026;5;Mai;18;2;Samedi;1
20260503;2026-05-03;2026;5;Mai;18;3;Dimanche;1
20260504;2026-05-04;2026;5;Mai;19;4;Lundi;0
20260505;2026-05-05;2026;5;Mai;19;5;Mardi;0
20260506;2026-05-06;2026;5;Mai;19;6;Mercredi;0
20260507;2026-05-07;2026;5;Mai;19;7;Jeudi;0
20260508;2026-05-08;2026;5;Mai;19;8;Vendredi;0
20260509;2026-05-09;2026;5;Mai;19;9;Samedi;1
20260510;2026-05-10;2026;5;Mai;19;10;Dimanche;1
20260511;2026-05-11;2026;5;Mai;20;11;Lundi;0
20260512;2026-05-12;2026;5;Mai;20;12;Mardi;0
20260513;2026-05-13;2026;5;Mai;20;13;Mercredi;0
20260514;2026-05-14;2026;5;Mai;20;14;Jeudi;0
20260515;2026-05-15;2026;5;Mai;20;15;Vendredi;0
20260516;2026-05-16;2026;5;Mai;20;16;Samedi;1
20260517;2026-05-17;2026;5;Mai;20;17;Dimanche;1
20260518;2026-05-18;2026;5;Mai;21;18;Lundi;0
20260519;2026-05-19;2026;5;Mai;21;19;Mardi;0
20260520;2026-05-20;2026;5;Mai;21;20;Mercredi;0
20260521;2026-05-21;2026;5;Mai;21;21;Jeudi;0
20260522;2026-05-22;2026;5;Mai;21;22;Vendredi;0
20260523;2026-05-23;2026;5;Mai;21;23;Samedi;1
20260524;2026-05-24;2026;5;Mai;21;24;Dimanche;1
20260525;2026-05-25;2026;5;Mai;22;25;Lundi;0
20260526;2026-05-26;2026;5;Mai;22;26;Mardi;0
20260527;2026-05-27;2026;5;Mai;22;27;Mercredi;0
20260528;2026-05-28;2026;5;Mai;22;28;Jeudi;0
20260529;2026-05-29;2026;5;Mai;22;29;Vendredi;0
20260530;2026-05-30;2026;5;Mai;22;30;Samedi;1
20260531;2026-05-31;2026;5;Mai;22;31;Dimanche;1
20260601;2026-06-01;2026;6;Juin;23;1;Lundi;0
20260602;2026-06-02;2026;6;Juin;23;2;Mardi;0
20260603;2026-06-03;2026;6;Juin;23;3;Mercredi;0
20260604;2026-06-04;2026;6;Juin;23;4;Jeudi;0
20260605;2026-06-05;2026;6;Juin;23;5;Vendredi;0
20260606;2026-06-06;2026;6;Juin;23;6;Samedi;1
20260607;2026-06-07;2026;6;Juin;23;7;Dimanche;1
20260608;2026-06-08;2026;6;Juin;24;8;Lundi;0
20260609;2026-06-09;2026;6;Juin;24;9;Mardi;0
20260610;2026-06-10;2026;6;Juin;24;10;Mercredi;0
20260611;2026-06-11;2026;6;Juin;24;11;Jeudi;0
20260612;2026-06-12;2026;6;Juin;24;12;Vendredi;0
20260613;2026-06-13;2026;6;Juin;24;13;Samedi;1
20260614;2026-06-14;2026;6;Juin;24;14;Dimanche;1
20260615;2026-06-15;2026;6;Juin;25;15;Lundi;0
20260616;2026-06-16;2026;6;Juin;25;16;Mardi;0
20260617;2026-06-17;2026;6;Juin;25;17;Mercredi;0
20260618;2026-06-18;2026;6;Juin;25;18;Jeudi;0
20260619;2026-06-19;2026;6;Juin;25;19;Vendredi;0
20260620;2026-06-20;2026;6;Juin;25;20;Samedi;1
20260621;2026-06-21;2026;6;Juin;25;21;Dimanche;1
20260622;2026-06-22;2026;6;Juin;26;22;Lundi;0
20260623;2026-06-23;2026;6;Juin;26;23;Mardi;0
20260624;2026-06-24;2026;6;Juin;26;24;Mercredi;0
20260625;2026-06-25;2026;6;Juin;26;25;Jeudi;0
20260626;2026-06-26;2026;6;Juin;26;26;Vendredi;0
20260627;2026-06-27;2026;6;Juin;26;27;Samedi;1
20260628;2026-06-28;2026;6;Juin;26;28;Dimanche;1
20260629;2026-06-29;2026;6;Juin;27;29;Lundi;0
20260630;2026-06-30;2026;6;Juin;27;30;Mardi;0
20260701;2026-07-01;2026;7;Juillet;27;1;Mercredi;0
20260702;2026-07-02;2026;7;Juillet;27;2;Jeudi;0
20260703;2026-07-03;2026;7;Juillet;27;3;Vendredi;0
20260704;2026-07-04;2026;7;Juillet;27;4;Samedi;1
20260705;2026-07-05;2026;7;Juillet;27;5;Dimanche;1
20260706;2026-07-06;2026;7;Juillet;28;6;Lundi;0
20260707;2026-07-07;2026;7;Juillet;28;7;Mardi;0
20260708;2026-07-08;2026;7;Juillet;28;8;Mercredi;0
20260709;2026-07-09;2026;7;Juillet;28;9;Jeudi;0
20260710;2026-07-10;2026;7;Juillet;28;10;Vendredi;0
20260711;2026-07-11;2026;7;Juillet;28;11;Samedi;1
20260712;2026-07-12;2026;7;Juillet;28;12;Dimanche;1
20260713;2026-07-13;2026;7;Juillet;29;13;Lundi;0
20260714;2026-07-14;2026;7;Juillet;29;14;Mardi;0
20260715;2026-07-15;2026;7;Juillet;29;15;Mercredi;0
20260716;2026-07-16;2026;7;Juillet;29;16;Jeudi;0
20260717;2026-07-17;2026;7;Juillet;29;17;Vendredi;0
20260718;2026-07-18;2026;7;Juillet;29;18;Samedi;1
20260719;2026-07-19;2026;7;Juillet;29;19;Dimanche;1
20260720;2026-07-20;2026;7;Juillet;30;20;Lundi;0
20260721;2026-07-21;2026;7;Juillet;30;21;Mardi;0
20260722;2026-07-22;2026;7;Juillet;30;22;Mercredi;0
20260723;2026-07-23;2026;7;Juillet;30;23;Jeudi;0
20260724;2026-07-24;2026;7;Juillet;30;24;Vendredi;0
20260725;2026-07-25;2026;7;Juillet;30;25;Samedi;1
20260726;2026-07-26;2026;7;Juillet;30;26;Dimanche;1
20260727;2026-07-27;2026;7;Juillet;31;27;Lundi;0
20260728;2026-07-28;2026;7;Juillet;31;28;Mardi;0
20260729;2026-07-29;2026;7;Juillet;31;29;Mercredi;0
20260730;2026-07-30;2026;7;Juillet;31;30;Jeudi;0
20260731;2026-07-31;2026;7;Juillet;31;31;Vendredi;0
20260801;2026-08-01;2026;8;Août;31;1;Samedi;1
20260802;2026-08-02;2026;8;Août;31;2;Dimanche;1
20260803;2026-08-03;2026;8;Août;32;3;Lundi;0
20260804;2026-08-04;2026;8;Août;32;4;Mardi;0
20260805;2026-08-05;2026;8;Août;32;5;Mercredi;0
20260806;2026-08-06;2026;8;Août;32;6;Jeudi;0
20260807;2026-08-07;2026;8;Août;32;7;Vendredi;0
20260808;2026-08-08;2026;8;Août;32;8;Samedi;1
20260809;2026-08-09;2026;8;Août;32;9;Dimanche;1
20260810;2026-08-10;2026;8;Août;33;10;Lundi;0
20260811;2026-08-11;2026;8;Août;33;11;Mardi;0
20260812;2026-08-12;2026;8;Août;33;12;Mercredi;0
20260813;2026-08-13;2026;8;Août;33;13;Jeudi;0
20260814;2026-08-14;2026;8;Août;33;14;Vendredi;0
20260815;2026-08-15;2026;8;Août;33;15;Samedi;1
20260816;2026-08-16;2026;8;Août;33;16;Dimanche;1
20260817;2026-08-17;2026;8;Août;34;17;Lundi;0
20260818;2026-08-18;2026;8;Août;34;18;Mardi;0
20260819;2026-08-19;2026;8;Août;34;19;Mercredi;0
20260820;2026-08-20;2026;8;Août;34;20;Jeudi;0
20260821;2026-08-21;2026;8;Août;34;21;Vendredi;0
20260822;2026-08-22;2026;8;Août;34;22;Samedi;1
20260823;2026-08-23;2026;8;Août;34;23;Dimanche;1
20260824;2026-08-24;2026;8;Août;35;24;Lundi;0
20260825;2026-08-25;2026;8;Août;35;25;Mardi;0
20260826;2026-08-26;2026;8;Août;35;26;Mercredi;0
20260827;2026-08-27;2026;8;Août;35;27;Jeudi;0
20260828;2026-08-28;2026;8;Août;35;28;Vendredi;0
20260829;2026-08-29;2026;8;Août;35;29;Samedi;1
20260830;2026-08-30;2026;8;Août;35;30;Dimanche;1
20260831;2026-08-31;2026;8;Août;36;31;Lundi;0
20260901;2026-09-01;2026;9;Septembre;36;1;Mardi;0
20260902;2026-09-02;2026;9;Septembre;36;2;Mercredi;0
20260903;2026-09-03;2026;9;Septembre;36;3;Jeudi;0
20260904;2026-09-04;2026;9;Septembre;36;4;Vendredi;0
20260905;2026-09-05;2026;9;Septembre;36;5;Samedi;1
20260906;2026-09-06;2026;9;Septembre;36;6;Dimanche;1
20260907;2026-09-07;2026;9;Septembre;37;7;Lundi;0
20260908;2026-09-08;2026;9;Septembre;37;8;Mardi;0
20260909;2026-09-09;2026;9;Septembre;37;9;Mercredi;0
20260910;2026-09-10;2026;9;Septembre;37;10;Jeudi;0
20260911;2026-09-11;2026;9;Septembre;37;11;Vendredi;0
20260912;2026-09-12;2026;9;Septembre;37;12;Samedi;1
20260913;2026-09-13;2026;9;Septembre;37;13;Dimanche;1
20260914;2026-09-14;2026;9;Septembre;38;14;Lundi;0
20260915;2026-09-15;2026;9;Septembre;38;15;Mardi;0
20260916;2026-09-16;2026;9;Septembre;38;16;Mercredi;0
20260917;2026-09-17;2026;9;Septembre;38;17;Jeudi;0
20260918;2026-09-18;2026;9;Septembre;38;18;Vendredi;0
20260919;2026-09-19;2026;9;Septembre;38;19;Samedi;1
20260920;2026-09-20;2026;9;Septembre;38;20;Dimanche;1
20260921;2026-09-21;2026;9;Septembre;39;21;Lundi;0
20260922;2026-09-22;2026;9;Septembre;39;22;Mardi;0
20260923;2026-09-23;2026;9;Septembre;39;23;Mercredi;0
20260924;2026-09-24;2026;9;Septembre;39;24;Jeudi;0
20260925;2026-09-25;2026;9;Septembre;39;25;Vendredi;0
20260926;2026-09-26;2026;9;Septembre;39;26;Samedi;1
20260927;2026-09-27;2026;9;Septembre;39;27;Dimanche;1
20260928;2026-09-28;2026;9;Septembre;40;28;Lundi;0
20260929;2026-09-29;2026;9;Septembre;40;29;Mardi;0
20260930;2026-09-30;2026;9;Septembre;40;30;Mercredi;0
20261001;2026-10-01;2026;10;Octobre;40;1;Jeudi;0
20261002;2026-10-02;2026;10;Octobre;40;2;Vendredi;0
20261003;2026-10-03;2026;10;Octobre;40;3;Samedi;1
20261004;2026-10-04;2026;10;Octobre;40;4;Dimanche;1
20261005;2026-10-05;2026;10;Octobre;41;5;Lundi;0
20261006;2026-10-06;2026;10;Octobre;41;6;Mardi;0
20261007;2026-10-07;2026;10;Octobre;41;7;Mercredi;0
20261008;2026-10-08;2026;10;Octobre;41;8;Jeudi;0
20261009;2026-10-09;2026;10;Octobre;41;9;Vendredi;0
20261010;2026-10-10;2026;10;Octobre;41;10;Samedi;1
20261011;2026-10-11;2026;10;Octobre;41;11;Dimanche;1
20261012;2026-10-12;2026;10;Octobre;42;12;Lundi;0
20261013;2026-10-13;2026;10;Octobre;42;13;Mardi;0
20261014;2026-10-14;2026;10;Octobre;42;14;Mercredi;0
20261015;2026-10-15;2026;10;Octobre;42;15;Jeudi;0
20261016;2026-10-16;2026;10;Octobre;42;16;Vendredi;0
20261017;2026-10-17;2026;10;Octobre;42;17;Samedi;1
20261018;2026-10-18;2026;10;Octobre;42;18;Dimanche;1
20261019;2026-10-19;2026;10;Octobre;43;19;Lundi;0
20261020;2026-10-20;2026;10;Octobre;43;20;Mardi;0
20261021;2026-10-21;2026;10;Octobre;43;21;Mercredi;0
20261022;2026-10-22;2026;10;Octobre;43;22;Jeudi;0
20261023;2026-10-23;2026;10;Octobre;43;23;Vendredi;0
20261024;2026-10-24;2026;10;Octobre;43;24;Samedi;1
20261025;2026-10-25;2026;10;Octobre;43;25;Dimanche;1
20261026;2026-10-26;2026;10;Octobre;44;26;Lundi;0
20261027;2026-10-27;2026;10;Octobre;44;27;Mardi;0
20261028;2026-10-28;2026;10;Octobre;44;28;Mercredi;0
20261029;2026-10-29;2026;10;Octobre;44;29;Jeudi;0
20261030;2026-10-30;2026;10;Octobre;44;30;Vendredi;0
20261031;2026-10-31;2026;10;Octobre;44;31;Samedi;1
20261101;2026-11-01;2026;11;Novembre;44;1;Dimanche;1
20261102;2026-11-02;2026;11;Novembre;45;2;Lundi;0
20261103;2026-11-03;2026;11;Novembre;45;3;Mardi;0
20261104;2026-11-04;2026;11;Novembre;45;4;Mercredi;0
20261105;2026-11-05;2026;11;Novembre;45;5;Jeudi;0
20261106;2026-11-06;2026;11;Novembre;45;6;Vendredi;0
20261107;2026-11-07;2026;11;Novembre;45;7;Samedi;1
20261108;2026-11-08;2026;11;Novembre;45;8;Dimanche;1
20261109;2026-11-09;2026;11;Novembre;46;9;Lundi;0
20261110;2026-11-10;2026;11;Novembre;46;10;Mardi;0
20261111;2026-11-11;2026;11;Novembre;46;11;Mercredi;0
20261112;2026-11-12;2026;11;Novembre;46;12;Jeudi;0
20261113;2026-11-13;2026;11;Novembre;46;13;Vendredi;0
20261114;2026-11-14;2026;11;Novembre;46;14;Samedi;1
20261115;2026-11-15;2026;11;Novembre;46;15;Dimanche;1
20261116;2026-11-16;2026;11;Novembre;47;16;Lundi;0
20261117;2026-11-17;2026;11;Novembre;47;17;Mardi;0
20261118;2026-11-18;2026;11;Novembre;47;18;Mercredi;0
20261119;2026-11-19;2026;11;Novembre;47;19;Jeudi;0
20261120;2026-11-20;2026;11;Novembre;47;20;Vendredi;0
20261121;2026-11-21;2026;11;Novembre;47;21;Samedi;1
20261122;2026-11-22;2026;11;Novembre;47;22;Dimanche;1
20261123;2026-11-23;2026;11;Novembre;48;23;Lundi;0
20261124;2026-11-24;2026;11;Novembre;48;24;Mardi;0
20261125;2026-11-25;2026;11;Novembre;48;25;Mercredi;0
20261126;2026-11-26;2026;11;Novembre;48;26;Jeudi;0
20261127;2026-11-27;2026;11;Novembre;48;27;Vendredi;0
20261128;2026-11-28;2026;11;Novembre;48;28;Samedi;1
20261129;2026-11-29;2026;11;Novembre;48;29;Dimanche;1
20261130;2026-11-30;2026;11;Novembre;49;30;Lundi;0
20261201;2026-12-01;2026;12;Décembre;49;1;Mardi;0
20261202;2026-12-02;2026;12;Décembre;49;2;Mercredi;0
20261203;2026-12-03;2026;12;Décembre;49;3;Jeudi;0
20261204;2026-12-04;2026;12;Décembre;49;4;Vendredi;0
20261205;2026-12-05;2026;12;Décembre;49;5;Samedi;1
20261206;2026-12-06;2026;12;Décembre;49;6;Dimanche;1
20261207;2026-12-07;2026;12;Décembre;50;7;Lundi;0
20261208;2026-12-08;2026;12;Décembre;50;8;Mardi;0
20261209;2026-12-09;2026;12;Décembre;50;9;Mercredi;0
20261210;2026-12-10;2026;12;Décembre;50;10;Jeudi;0
20261211;2026-12-11;2026;12;Décembre;50;11;Vendredi;0
20261212;2026-12-12;2026;12;Décembre;50;12;Samedi;1
20261213;2026-12-13;2026;12;Décembre;50;13;Dimanche;1
20261214;2026-12-14;2026;12;Décembre;51;14;Lundi;0
20261215;2026-12-15;2026;12;Décembre;51;15;Mardi;0
20261216;2026-12-16;2026;12;Décembre;51;16;Mercredi;0
20261217;2026-12-17;2026;12;Décembre;51;17;Jeudi;0
20261218;2026-12-18;2026;12;Décembre;51;18;Vendredi;0
20261219;2026-12-19;2026;12;Décembre;51;19;Samedi;1
20261220;2026-12-20;2026;12;Décembre;51;20;Dimanche;1
20261221;2026-12-21;2026;12;Décembre;52;21;Lundi;0
20261222;2026-12-22;2026;12;Décembre;52;22;Mardi;0
20261223;2026-12-23;2026;12;Décembre;52;23;Mercredi;0
20261224;2026-12-24;2026;12;Décembre;52;24;Jeudi;0
20261225;2026-12-25;2026;12;Décembre;52;25;Vendredi;0
20261226;2026-12-26;2026;12;Décembre;52;26;Samedi;1
20261227;2026-12-27;2026;12;Décembre;52;27;Dimanche;1
20261228;2026-12-28;2026;12;Décembre;53;28;Lundi;0
20261229;2026-12-29;2026;12;Décembre;53;29;Mardi;0
20261230;2026-12-30;2026;12;Décembre;53;30;Mercredi;0
20261231;2026-12-31;2026;12;Décembre;53;31;Jeudi;0
